variable,label,has_value_labels,used_by_project
studyno1,ARCHIVE STUDY NUMBER - DISTRIBUTOR,True,False
studyno2,ARCHIVE STUDY NUMBER - PUBLISHER,True,False
doi,DIGITAL OBJECT IDENTIFIER,False,False
version,GESIS ARCHIVE VERSION & DATE,False,False
edition,DATASET EDITION,True,False
survey,SURVEY IDENTIFICATION,True,False
respondent_serial,SERIAL CASE ID (APPOINTED BY VERIAN - COUNTRY SPECIFIC),False,False
serialid,SERIAL CASE ID (APPOINTED BY VERIAN),False,True
uniqid,UNIQUE RESPONDENT ID (CASEID BY VERIAN COUNTRY CODE),False,True
tnscntry,ORIGINAL VERIAN COUNTRY/SAMPLE ID,True,False
country,COUNTRY/SAMPLE ID (SERIES STANDARD),True,False
isocntry,COUNTRY CODE - ISO 3166,False,True
d11,AGE EXACT,True,True
d11r1,AGE RECODED - 4 CATEGORIES,True,False
d11r2,AGE RECODED - 6 CATEGORIES,True,True
q1.1,NATIONALITY: BELGIUM,True,False
q1.2,NATIONALITY: DENMARK,True,False
q1.3,NATIONALITY: GERMANY,True,False
q1.4,NATIONALITY: GREECE,True,False
q1.5,NATIONALITY: SPAIN,True,False
q1.6,NATIONALITY: FRANCE,True,False
q1.7,NATIONALITY: IRELAND,True,False
q1.8,NATIONALITY: ITALY,True,False
q1.9,NATIONALITY: LUXEMBOURG,True,False
q1.10,NATIONALITY: NETHERLANDS,True,False
q1.11,NATIONALITY: PORTUGAL,True,False
q1.12,NATIONALITY: UNITED KINGDOM,True,False
q1.13,NATIONALITY: AUSTRIA,True,False
q1.14,NATIONALITY: SWEDEN,True,False
q1.15,NATIONALITY: FINLAND,True,False
q1.16,NATIONALITY: CYPRUS,True,False
q1.17,NATIONALITY: CZECH REPUBLIC,True,False
q1.18,NATIONALITY: ESTONIA,True,False
q1.19,NATIONALITY: HUNGARY,True,False
q1.20,NATIONALITY: LATVIA,True,False
q1.21,NATIONALITY: LITHUANIA,True,False
q1.22,NATIONALITY: MALTA,True,False
q1.23,NATIONALITY: POLAND,True,False
q1.24,NATIONALITY: SLOVAKIA,True,False
q1.25,NATIONALITY: SLOVENIA,True,False
q1.26,NATIONALITY: BULGARIA,True,False
q1.27,NATIONALITY: ROMANIA,True,False
q1.28,NATIONALITY: CROATIA,True,False
q1.41,NATIONALITY: OTHER COUNTRIES,True,False
qa1,EUROPEAN PARLIAMENT - POSITIVE/NEGATIVE,True,False
qa2,EUROPEAN PARLIAMENT – ROLE PREFERENCE,True,False
qa3,FOLLOWING EU POLITICS,True,False
d78,EU IMAGE - POSITIVE/NEGATIVE,True,False
qa4,EU MEMBERSHIP - GOOD/BAD,True,False
qa5,IMPORTANCE EU MEMBERSHIP FOR COUNTRY,True,False
qa6,EU MEMBERSHIP - COUNTRY BENEFIT,True,False
sd22,EU FUTURE - OPTIMISTIC/PESSIMISTIC,True,False
qa7,EU ACTIONS IMPACT DAILY LIFE,True,False
qa8_1,EU CRISES RESPONSE SATISFACTION - COVID-19 PANDEMIC,True,False
qa8_2,EU CRISES RESPONSE SATISFACTION - CLIMATE CHANGE,True,False
qa8_3,EU CRISES RESPONSE SATISFACTION - ECON/FIN SITUATION,True,False
qa8_4,EU CRISES RESPONSE SATISFACTION - RUSSIAS INVASION OF UKRAINE,True,False
qa8_5,EU CRISES RESPONSE SATISFACTION - MIGRATION,True,False
qa8_6,EU CRISES RESPONSE SATISFACTION - BREXIT,True,False
qa9,DEVELOPMENT EU ROLE PAST YEARS,True,False
qa10_1,VIEW ABOUT: CHINA,True,False
qa10_2,VIEW ABOUT: RUSSIA,True,False
qa10_3,VIEW ABOUT: USA,True,False
qa10_4,VIEW ABOUT: TUERKIYE,True,False
qa11a,FOCAL FUTURE ASPECTS TO REINFORCE EU POSITION - FIRSTLY,True,False
qa11b.1,FOCAL FUTURE ASPECTS TO REINFORCE EU POSITION 2ND: ENERGY ISSUES,True,False
qa11b.2,FOCAL FUTURE ASPECTS TO REINFORCE EU POSITION 2ND: DEFENCE & SECURITY,True,False
qa11b.3,FOCAL FUTURE ASPECTS TO REINFORCE EU POSITION 2ND: FOREIGN RELATIONS & DIPLOMACY,True,False
qa11b.4,FOCAL FUTURE ASPECTS TO REINFORCE EU POSITION 2ND: EU ENLARGEMENT,True,False
qa11b.5,FOCAL FUTURE ASPECTS TO REINFORCE EU POSITION 2ND: TECHNOLOGY & INNOVATION INCL AI,True,False
qa11b.6,FOCAL FUTURE ASPECTS TO REINFORCE EU POSITION 2ND: EU VALUES,True,False
qa11b.7,FOCAL FUTURE ASPECTS TO REINFORCE EU POSITION 2ND: COMPETITIVENESS/ECONOMY/INDUSTRY,True,False
qa11b.8,FOCAL FUTURE ASPECTS TO REINFORCE EU POSITION 2ND: INTERNATIONAL TRADE,True,False
qa11b.9,FOCAL FUTURE ASPECTS TO REINFORCE EU POSITION 2ND: THE EURO,True,False
qa11b.10,FOCAL FUTURE ASPECTS TO REINFORCE EU POSITION 2ND: CLIMATE ACTION & EMISSIONS REDUCTIONS,True,False
qa11b.11,FOCAL FUTURE ASPECTS TO REINFORCE EU POSITION 2ND: FOOD SECURITY & AGRICULTURE,True,False
qa11b.12,FOCAL FUTURE ASPECTS TO REINFORCE EU POSITION 2ND: EDUCATION AND RESEARCH,True,False
qa11b.13,FOCAL FUTURE ASPECTS TO REINFORCE EU POSITION 2ND: DEMOGRAPHY/MIGRATION/POP AGEING,True,False
qa11b.14,FOCAL FUTURE ASPECTS TO REINFORCE EU POSITION 2ND: CULTURE,True,False
qa11b.15,FOCAL FUTURE ASPECTS TO REINFORCE EU POSITION 2ND: OTHER (SPONT),True,False
qa11b.16,FOCAL FUTURE ASPECTS TO REINFORCE EU POSITION 2ND: NONE (SPONT),True,False
qa11b.17,FOCAL FUTURE ASPECTS TO REINFORCE EU POSITION 2ND: DK (SPONT),True,False
qa11t.1,FOCAL FUTURE ASPECTS TO REINFORCE EU POSITION: ENERGY ISSUES (SUM),True,False
qa11t.2,FOCAL FUTURE ASPECTS TO REINFORCE EU POSITION: DEFENCE & SECURITY (SUM),True,False
qa11t.3,FOCAL FUTURE ASPECTS TO REINFORCE EU POSITION: FOREIGN RELATIONS & DIPLOMACY (SUM),True,False
qa11t.4,FOCAL FUTURE ASPECTS TO REINFORCE EU POSITION: EU ENLARGEMENT (SUM),True,False
qa11t.5,FOCAL FUTURE ASPECTS TO REINFORCE EU POSITION: TECHNOLOGY & INNOVATION INCL AI (SUM),True,False
qa11t.6,FOCAL FUTURE ASPECTS TO REINFORCE EU POSITION: EU VALUES (SUM),True,False
qa11t.7,FOCAL FUTURE ASPECTS TO REINFORCE EU POSITION: COMPETITIVENESS/ECONOMY/INDUSTRY (SUM),True,False
qa11t.8,FOCAL FUTURE ASPECTS TO REINFORCE EU POSITION: INTERNATIONAL TRADE (SUM),True,False
qa11t.9,FOCAL FUTURE ASPECTS TO REINFORCE EU POSITION: THE EURO (SUM),True,False
qa11t.10,FOCAL FUTURE ASPECTS TO REINFORCE EU POSITION: CLIMATE ACTION & EMISSIONS REDUCTIONS (SUM),True,False
qa11t.11,FOCAL FUTURE ASPECTS TO REINFORCE EU POSITION: FOOD SECURITY & AGRICULTURE (SUM),True,False
qa11t.12,FOCAL FUTURE ASPECTS TO REINFORCE EU POSITION: EDUCATION AND RESEARCH (SUM),True,False
qa11t.13,FOCAL FUTURE ASPECTS TO REINFORCE EU POSITION: DEMOGRAPHY/MIGRATION/POP AGEING (SUM),True,False
qa11t.14,FOCAL FUTURE ASPECTS TO REINFORCE EU POSITION: CULTURE (SUM),True,False
qa11t.15,FOCAL FUTURE ASPECTS TO REINFORCE EU POSITION: OTHER (SPONT) (SUM),True,False
qa11t.16,FOCAL FUTURE ASPECTS TO REINFORCE EU POSITION: NONE (SPONT) (SUM),True,False
qa11t.17,FOCAL FUTURE ASPECTS TO REINFORCE EU POSITION: DK (SPONT) (QA11A ONLY),True,False
qa12,EUROPEAN ELECTIONS - DATE KNOWLEDGE,True,False
qa12r,EUROPEAN ELECTIONS - DATE CORRECT (REC),True,False
qa13,NEXT EP ELECTION - HOW INTERESTED,True,False
qa14a,EP ELECT CAMPAIGN PRIORITIES - FIRSTLY,True,False
qa14b.1,EP ELECT CAMPAIGN PRIORITIES 2ND: PUBLIC HEALTH,True,False
qa14b.2,EP ELECT CAMPAIGN PRIORITIES 2ND: ACTION AGAINST CLIMATE CHANGE,True,False
qa14b.3,EP ELECT CAMPAIGN PRIORITIES 2ND: FIGHT POVERTY & EXCLUSION,True,False
qa14b.4,EP ELECT CAMPAIGN PRIORITIES 2ND: SUPPORT ECONOMY/CREATE NEW JOBS,True,False
qa14b.5,EP ELECT CAMPAIGN PRIORITIES 2ND: FUTURE OF EUROPE,True,False
qa14b.6,EP ELECT CAMPAIGN PRIORITIES 2ND: DIGITALISATION OF ECONOMY & SOCIETY,True,False
qa14b.7,EP ELECT CAMPAIGN PRIORITIES 2ND: HUMANITARIAN AID/DEVELOPMENT ASSISTANCE,True,False
qa14b.8,EP ELECT CAMPAIGN PRIORITIES 2ND: INDUSTRY/ENERGY AUTONOMY,True,False
qa14b.9,EP ELECT CAMPAIGN PRIORITIES 2ND: CONSUMER RIGHTS,True,False
qa14b.10,EP ELECT CAMPAIGN PRIORITIES 2ND: MIGRATION & ASYLUM,True,False
qa14b.11,EP ELECT CAMPAIGN PRIORITIES 2ND: FIGHT AGAINST TERRORISM & ORG CRIME,True,False
qa14b.12,EP ELECT CAMPAIGN PRIORITIES 2ND: DEMOCRACY & RULE OF LAW,True,False
qa14b.13,EP ELECT CAMPAIGN PRIORITIES 2ND: DEFENCE & SECURITY,True,False
qa14b.14,EP ELECT CAMPAIGN PRIORITIES 2ND: AGRICULTURAL POLICY,True,False
qa14b.15,EP ELECT CAMPAIGN PRIORITIES 2ND: GENDER EQUALITY/INCLUSION/DIVERSITY,True,False
qa14b.16,EP ELECT CAMPAIGN PRIORITIES 2ND: OTHER (SPONT),True,False
qa14b.17,EP ELECT CAMPAIGN PRIORITIES 2ND: NONE (SPONT),True,False
qa14b.18,EP ELECT CAMPAIGN PRIORITIES 2ND: DK (SPONT),True,False
qa14t.1,EP ELECT CAMPAIGN PRIORITIES: PUBLIC HEALTH (SUM),True,False
qa14t.2,EP ELECT CAMPAIGN PRIORITIES: ACTION AGAINST CLIMATE CHANGE(SUM),True,False
qa14t.3,EP ELECT CAMPAIGN PRIORITIES: FIGHT POVERTY & EXCLUSION (SUM),True,False
qa14t.4,EP ELECT CAMPAIGN PRIORITIES: SUPPORT ECONOMY/CREATE NEW JOBS (SUM),True,False
qa14t.5,EP ELECT CAMPAIGN PRIORITIES: FUTURE OF EUROPE (SUM),True,False
qa14t.6,EP ELECT CAMPAIGN PRIORITIES: DIGITALISATION OF ECONOMY & SOCIETY (SUM),True,False
qa14t.7,EP ELECT CAMPAIGN PRIORITIES: HUMANITARIAN AID/DEVELOPMENT ASSISTANCE (SUM),True,False
qa14t.8,EP ELECT CAMPAIGN PRIORITIES: INDUSTRY/ENERGY AUTONOMY (SUM),True,False
qa14t.9,EP ELECT CAMPAIGN PRIORITIES: CONSUMER RIGHTS (SUM),True,False
qa14t.10,EP ELECT CAMPAIGN PRIORITIES: MIGRATION & ASYLUM (SUM),True,False
qa14t.11,EP ELECT CAMPAIGN PRIORITIES: FIGHT AGAINST TERRORISM & ORG CRIME (SUM),True,False
qa14t.12,EP ELECT CAMPAIGN PRIORITIES: DEMOCRACY & RULE OF LAW (SUM),True,False
qa14t.13,EP ELECT CAMPAIGN PRIORITIES: DEFENCE & SECURITY (SUM),True,False
qa14t.14,EP ELECT CAMPAIGN PRIORITIES: AGRICULTURAL POLICY (SUM),True,False
qa14t.15,EP ELECT CAMPAIGN PRIORITIES: GENDER EQUALITY/INCLUSION/DIVERSITY (SUM),True,False
qa14t.16,EP ELECT CAMPAIGN PRIORITIES: OTHER (SPONT) (SUM),True,False
qa14t.17,EP ELECT CAMPAIGN PRIORITIES: NONE (SPONT) (SUM),True,False
qa14t.18,EP ELECT CAMPAIGN PRIORITIES: DK (SPONT) (QA14A ONLY),True,False
qa15a,EP VALUES PRIORITY NEXT 5YRS - FIRSTLY,True,False
qa15b.1,EP VALUES PRIORITY NEXT 5YRS 2ND: GENDER EQUALITY,True,False
qa15b.2,EP VALUES PRIORITY NEXT 5YRS 2ND: FIGHT AG DISCRIMINATION/MINORITIES PROTECTION,True,False
qa15b.3,EP VALUES PRIORITY NEXT 5YRS 2ND: DIVERSITY IN SOCIETY,True,False
qa15b.4,EP VALUES PRIORITY NEXT 5YRS 2ND: EU SOLIDARITY,True,False
qa15b.5,EP VALUES PRIORITY NEXT 5YRS 2ND: SOLIDARITY WITH POOR COUNTRIES,True,False
qa15b.6,EP VALUES PRIORITY NEXT 5YRS 2ND: HUMANS RIGHTS PROTECTION,True,False
qa15b.7,EP VALUES PRIORITY NEXT 5YRS 2ND: FREEDOM OF RELIGION/BELIEF,True,False
qa15b.8,EP VALUES PRIORITY NEXT 5YRS 2ND: FREEDOM OF MOVEMENT,True,False
qa15b.9,EP VALUES PRIORITY NEXT 5YRS 2ND: FREEDOM OF SPEECH,True,False
qa15b.10,EP VALUES PRIORITY NEXT 5YRS 2ND: HUMAN DIGNITY/DEATH PENALTY ABOLITION,True,False
qa15b.11,EP VALUES PRIORITY NEXT 5YRS 2ND: DEMOCRACY,True,False
qa15b.12,EP VALUES PRIORITY NEXT 5YRS 2ND: RULE OF LAW,True,False
qa15b.13,EP VALUES PRIORITY NEXT 5YRS 2ND: RESPECT NATIONAL IDENTITIES/CULTURES,True,False
qa15b.14,EP VALUES PRIORITY NEXT 5YRS 2ND: ASYLUM RIGHT FROM PROSECUTION,True,False
qa15b.15,EP VALUES PRIORITY NEXT 5YRS 2ND: PEACE,True,False
qa15b.16,EP VALUES PRIORITY NEXT 5YRS 2ND: OTHER (SPONT),True,False
qa15b.17,EP VALUES PRIORITY NEXT 5YRS 2ND: NONE (SPONT),True,False
qa15b.18,EP VALUES PRIORITY NEXT 5YRS 2ND: DK (SPONT),True,False
qa15t.1,EP VALUES PRIORITY NEXT 5YRS: GENDER EQUALITY (SUM),True,False
qa15t.2,EP VALUES PRIORITY NEXT 5YRS: FIGHT AG DISCRIMINATION/MINORITIES PROTECTION (SUM),True,False
qa15t.3,EP VALUES PRIORITY NEXT 5YRS: DIVERSITY IN SOCIETY (SUM),True,False
qa15t.4,EP VALUES PRIORITY NEXT 5YRS: EU SOLIDARITY (SUM),True,False
qa15t.5,EP VALUES PRIORITY NEXT 5YRS: SOLIDARITY WITH POOR COUNTRIES (SUM),True,False
qa15t.6,EP VALUES PRIORITY NEXT 5YRS: HUMANS RIGHTS PROTECTION (SUM),True,False
qa15t.7,EP VALUES PRIORITY NEXT 5YRS: FREEDOM OF RELIGION/BELIEF (SUM),True,False
qa15t.8,EP VALUES PRIORITY NEXT 5YRS: FREEDOM OF MOVEMENT (SUM),True,False
qa15t.9,EP VALUES PRIORITY NEXT 5YRS: FREEDOM OF SPEECH (SUM),True,False
qa15t.10,EP VALUES PRIORITY NEXT 5YRS: HUMAN DIGNITY/DEATH PENALTY ABOLITION (SUM),True,False
qa15t.11,EP VALUES PRIORITY NEXT 5YRS: DEMOCRACY (SUM),True,False
qa15t.12,EP VALUES PRIORITY NEXT 5YRS: RULE OF LAW (SUM),True,False
qa15t.13,EP VALUES PRIORITY NEXT 5YRS: RESPECT NATIONAL IDENTITIES/CULTURES (SUM),True,False
qa15t.14,EP VALUES PRIORITY NEXT 5YRS: ASYLUM RIGHT FROM PROSECUTION (SUM),True,False
qa15t.15,EP VALUES PRIORITY NEXT 5YRS: PEACE (SUM),True,False
qa15t.16,EP VALUES PRIORITY NEXT 5YRS: OTHER (SPONT) (SUM),True,False
qa15t.17,EP VALUES PRIORITY NEXT 5YRS: NONE (SPONT) (SUM),True,False
qa15t.18,EP VALUES PRIORITY NEXT 5YRS: DK (SPONT) (QA15A ONLY),True,False
qa16a,VOTE IN EUROPEAN ELECTIONS - HOW IMPORTANT,True,False
qa16b,VOTE IN NATIONAL ELECTIONS - HOW IMPORTANT,True,False
qa17,PERSONAL VOTING BEHAVIOUR,True,False
qa18,MAIN REASON FOR ABSTENTION IN PAST FIVE YEARS,True,False
qa19.1,REASON FOR ABSTENTION: SICK/HEALTH PROBLEM,True,False
qa19.2,REASON FOR ABSTENTION: HOLIDAY/AWAY FROM HOME,True,False
qa19.3,REASON FOR ABSTENTION: BUSY/WORK,True,False
qa19.4,REASON FOR ABSTENTION: TAKES TOO MUCH TIME/HAD NO TIME,True,False
qa19.5,REASON FOR ABSTENTION: FAMILY/LEISURE ACTIVITY,True,False
qa19.6,REASON FOR ABSTENTION: DID NOT KNOW ABOUT,True,False
qa19.7,REASON FOR ABSTENTION: UNEXPECTED PROBLEM,True,False
qa19.8,REASON FOR ABSTENTION: NOT AUTONOMOUS & NOBODY COULD HELP,True,False
qa19.9,REASON FOR ABSTENTION: FORGOT TO VOTE,True,False
qa19.10,REASON FOR ABSTENTION: REGISTRATION PROBLEMS,True,False
qa19.11,REASON FOR ABSTENTION: OTHER (SPONT),True,False
qa19.12,REASON FOR ABSTENTION: NONE/ALWAYS VOTED (SPONT),True,False
qa19.13,REASON FOR ABSTENTION: DK (SPONT),True,False
qa19t1,REASON FOR ABSTENTION - PRACTICAL/PERSONAL REASONS (SUM),True,False
qa19t2,REASON FOR ABSTENTION - LACK OF INFORMATION (SUM),True,False
qa20,IF NEXT EP ELECTION NEXT WEEK - HOW LIKELY TO VOTE,True,False
qa21_1,UPCOMING ELECTION STATEMENTS - VOTING IMPORTANT TO KEEP DEMOCRACY STRONG,True,False
qa21_2,UPCOMING ELECTION STATEMENTS - VOTING IMPORTANT TO ENSURE BETTER FUTURE NEXT GENS,True,False
qa21_3,UPCOMING ELECTION STATEMENTS - IF NO VOTE OTHERS WILL DECIDE,True,False
qa21_4,UPCOMING ELECTION STATEMENTS - CURRENT INT CONTEXT MAKES VOTING EVEN MORE IMPORTANT,True,False
sd26,STANDARD OF LIVING LAST 5YRS IN LIGHT OF CRISES,True,False
sd21_1,PERSONAL LIVING CONDITIONS IN ONE YEARS TIME,True,False
sd21_2,NATIONAL ECONOMY IN ONE YEARS TIME,True,False
sd27,STANDARD OF LIVING NEXT 5YRS,True,False
qb1,IMPORTANCE OF SOCIAL EUROPE PERSONALLY,True,False
qb2a,IMPORTANT FOR EU ECON & SOCIAL DEVELOPMENT - FIRSTLY,True,False
qb2b.1,IMPORTANT FOR EU ECON & SOCIAL DEVELOPMENT 2ND: EQUAL OPPORTUNITIES & ACCESS LABOUR MARKET,True,False
qb2b.2,IMPORTANT FOR EU ECON & SOCIAL DEVELOPMENT 2ND: FAIR WORKING CONDITIONS,True,False
qb2b.3,IMPORTANT FOR EU ECON & SOCIAL DEVELOPMENT 2ND: SOCIAL PROTECTION & INCLUSION,True,False
qb2b.4,IMPORTANT FOR EU ECON & SOCIAL DEVELOPMENT 2ND: ACCESS TO QUALITY HEALTH CARE,True,False
qb2b.5,IMPORTANT FOR EU ECON & SOCIAL DEVELOPMENT 2ND: FREEDOM OF MOVEMENT OF WORKERS AND LEARNERS,True,False
qb2b.6,IMPORTANT FOR EU ECON & SOCIAL DEVELOPMENT 2ND: STANDARD OF LIVING OF PEOPLE IN THE EU,True,False
qb2b.7,IMPORTANT FOR EU ECON & SOCIAL DEVELOPMENT 2ND: QUALITY OF INFRASTRUCTURE IN THE EU,True,False
qb2b.8,IMPORTANT FOR EU ECON & SOCIAL DEVELOPMENT 2ND: EU CAPACITY FOR RESEARCH AND INNOVATION,True,False
qb2b.9,IMPORTANT FOR EU ECON & SOCIAL DEVELOPMENT 2ND: SKILLS AND TALENTS OF PEOPLE IN THE EU,True,False
qb2b.10,IMPORTANT FOR EU ECON & SOCIAL DEVELOPMENT 2ND: ENVIRONMENTAL RESPONSIBILITY AND CLIMATE ACTION,True,False
qb2b.11,IMPORTANT FOR EU ECON & SOCIAL DEVELOPMENT 2ND: RIGHTS OF MINORITIES AND PROTECTION AGAINST DISCRIMINATION,True,False
qb2b.12,IMPORTANT FOR EU ECON & SOCIAL DEVELOPMENT 2ND: OTHER (SPONT),True,False
qb2b.13,IMPORTANT FOR EU ECON & SOCIAL DEVELOPMENT 2ND: NONE (SPONT),True,False
qb2b.14,IMPORTANT FOR EU ECON & SOCIAL DEVELOPMENT 2ND: DK (SPONT),True,False
qb2t.1,IMPORTANT FOR EU ECON & SOCIAL DEVELOPMENT: EQUAL OPPORTUNITIES & ACCESS LABOUR MARKET (SUM),True,False
qb2t.2,IMPORTANT FOR EU ECON & SOCIAL DEVELOPMENT: FAIR WORKING CONDITIONS (SUM),True,False
qb2t.3,IMPORTANT FOR EU ECON & SOCIAL DEVELOPMENT: SOCIAL PROTECTION & INCLUSION (SUM),True,False
qb2t.4,IMPORTANT FOR EU ECON & SOCIAL DEVELOPMENT: ACCESS TO QUALITY HEALTH CARE (SUM),True,False
qb2t.5,IMPORTANT FOR EU ECON & SOCIAL DEVELOPMENT: FREEDOM OF MOVEMENT OF WORKERS AND LEARNERS (SUM),True,False
qb2t.6,IMPORTANT FOR EU ECON & SOCIAL DEVELOPMENT: STANDARD OF LIVING OF PEOPLE IN THE EU (SUM),True,False
qb2t.7,IMPORTANT FOR EU ECON & SOCIAL DEVELOPMENT: QUALITY OF INFRASTRUCTURE IN THE EU (SUM),True,False
qb2t.8,IMPORTANT FOR EU ECON & SOCIAL DEVELOPMENT: EU CAPACITY FOR RESEARCH AND INNOVATION (SUM),True,False
qb2t.9,IMPORTANT FOR EU ECON & SOCIAL DEVELOPMENT: SKILLS AND TALENTS OF PEOPLE IN THE EU (SUM),True,False
qb2t.10,IMPORTANT FOR EU ECON & SOCIAL DEVELOPMENT: ENVIRONMENTAL RESPONSIBILITY AND CLIMATE ACTION (SUM),True,False
qb2t.11,IMPORTANT FOR EU ECON & SOCIAL DEVELOPMENT: RIGHTS OF MINORITIES AND PROTECTION AGAINST DISCRIMINATION (SUM),True,False
qb2t.12,IMPORTANT FOR EU ECON & SOCIAL DEVELOPMENT: OTHER (SPONT) (SUM),True,False
qb2t.13,IMPORTANT FOR EU ECON & SOCIAL DEVELOPMENT: NONE (SPONT) (SUM),True,False
qb2t.14,IMPORTANT FOR EU ECON & SOCIAL DEVELOPMENT: DK (SPONT) (QB2A ONLY),True,False
qb3,EUROPEAN PILLAR OF SOCIAL RIGHTS - HEARD ABOUT,True,False
qb3a_1,EUROPEAN PILLAR OF SOCIAL RIGHTS STATEMENTS - WILL STRENGTHEN EMPLOYMENT & INCLUSION,True,False
qb3a_2,EUROPEAN PILLAR OF SOCIAL RIGHTS STATEMENTS - SUCCESS DEPENDS ON IMPLEMENTATION IN (COUNTRY),True,False
qb4.1,COUNTRY PRIORITY: LACK LIFELONG LEARNING OPPORTUNITIES,True,False
qb4.2,COUNTRY PRIORITY: UNEQUAL PAY BETW MEN & WOMEN,True,False
qb4.3,COUNTRY PRIORITY: LACK OF SUPPORT TO FIND JOB,True,False
qb4.4,COUNTRY PRIORITY: LOW WAGES,True,False
qb4.5,COUNTRY PRIORITY: HIGH COST OF LIVING,True,False
qb4.6,COUNTRY PRIORITY: LONG WORKING HOURS,True,False
qb4.7,COUNTRY PRIORITY: INADEQUATE HEALTH & SAFETY AT WORK,True,False
qb4.8,COUNTRY PRIORITY: LACK OF CHILDCARE & SUPPORT FOR CHILDREN,True,False
qb4.9,COUNTRY PRIORITY: INADEQUATE SOCIAL BENEFITS,True,False
qb4.10,COUNTRY PRIORITY: INADEQUATE OLD AGE INCOME & PENSIONS,True,False
qb4.11,COUNTRY PRIORITY: INADEQUATE HEALTH CARE,True,False
qb4.12,COUNTRY PRIORITY: INADEQUATE INCLUSION OF PERSONS WITH DISABILITIES,True,False
qb4.13,COUNTRY PRIORITY: LACK OF SOCIAL HOUSING & HOMELESSNESS,True,False
qb4.14,COUNTRY PRIORITY: OTHER (SPONT),True,False
qb4.15,COUNTRY PRIORITY: NONE (SPONT),True,False
qb4.16,COUNTRY PRIORITY: DK (SPONT,True,False
qb5.1,EU ACTION FOR FUTURE OF EUROPE: EDUCATION/TRAINING/LIFELONG LEARNING,True,False
qb5.2,EU ACTION FOR FUTURE OF EUROPE: GENDER EQUALITY,True,False
qb5.3,EU ACTION FOR FUTURE OF EUROPE: EQUAL OPPORTUNITIES,True,False
qb5.4,EU ACTION FOR FUTURE OF EUROPE: ACTIVE SUPPORT TO EMPLOYMENT,True,False
qb5.5,EU ACTION FOR FUTURE OF EUROPE: WAGES,True,False
qb5.6,EU ACTION FOR FUTURE OF EUROPE: SOCIAL DIALOGUE AND INVOLVEMENT OF WORKERS,True,False
qb5.7,EU ACTION FOR FUTURE OF EUROPE: WORK-LIFE BALANCE,True,False
qb5.8,EU ACTION FOR FUTURE OF EUROPE: HEALTH AND SAFETY AT WORK,True,False
qb5.9,EU ACTION FOR FUTURE OF EUROPE: CHILDCARE & SUPPORT FOR CHILDREN,True,False
qb5.10,EU ACTION FOR FUTURE OF EUROPE: SOCIAL PROTECTION,True,False
qb5.11,EU ACTION FOR FUTURE OF EUROPE: MINIMUM INCOME,True,False
qb5.12,EU ACTION FOR FUTURE OF EUROPE: OLD AGE INCOME AND PENSIONS,True,False
qb5.13,EU ACTION FOR FUTURE OF EUROPE: HEALTH CARE,True,False
qb5.14,EU ACTION FOR FUTURE OF EUROPE: INCLUSION OF PERSONS WITH DISABILITIES,True,False
qb5.15,EU ACTION FOR FUTURE OF EUROPE: HOUSING AND ASSISTANCE FOR THE HOMELESS,True,False
qb5.16,EU ACTION FOR FUTURE OF EUROPE: OTHER (SPONT),True,False
qb5.17,EU ACTION FOR FUTURE OF EUROPE: NONE (SPONT),True,False
qb5.18,EU ACTION FOR FUTURE OF EUROPE: DK (SPONT),True,False
qb6_1,KEY EU INITIATIVES AWARENESS - SKILLS AGENDA,True,False
qb6_2,KEY EU INITIATIVES AWARENESS - MINIMUM WAGE DIRECTIVE,True,False
qb6_3,KEY EU INITIATIVES AWARENESS - CHILD GUARANTEE,True,False
qb6_4,KEY EU INITIATIVES AWARENESS - PLATFORM WORK DIRECTIVE,True,False
qb6_5,KEY EU INITIATIVES AWARENESS - EUROPEAN SOCIAL FUND PLUS,True,False
qb6_6,KEY EU INITIATIVES AWARENESS - WORK LIFE BALANCE DIRECTIVE,True,False
qb6r_1,KEY EU INITIATIVES AWARENESS - NO AWARENESS (REC),True,False
qb6r_2,KEY EU INITIATIVES AWARENESS - LOW AWARENESS (REC),True,False
qb6r_3,KEY EU INITIATIVES AWARENESS - MEDIUM AWARENESS (REC),True,False
qb6r_4,KEY EU INITIATIVES AWARENESS - HIGH AWARENESS (REC),True,False
qb7_1,EUROPEAN YEAR OF SKILLS STATEMENTS - LOOKING FOR INFO HOW TO IMPROVE SKILLS,True,False
qb7_2,EUROPEAN YEAR OF SKILLS STATEMENTS - ENGAGING IN TRAINING TO IMPROVE SKILLS,True,False
qb8,EU SHLD PROMOTE BETTER WORKING CONDITIONS WITH NON-EU COUNTRIES,True,False
qb9.1,PRACTICAL DIFFICULTIES WHEN MOVED TO OTH EU CNTRY IN PAST 5YRS: NOT MOVED IN PAST 5YRS,True,False
qb9.2,PRACTICAL DIFFICULTIES WHEN MOVED TO OTH EU CNTRY IN PAST 5YRS: INSUFFICIENT AWARENESS EU RULES & RIGHTS,True,False
qb9.3,PRACTICAL DIFFICULTIES WHEN MOVED TO OTH EU CNTRY IN PAST 5YRS: CUMBERSOME PROVE SOC SECURITY ENTITLEMENTS,True,False
qb9.4,PRACTICAL DIFFICULTIES WHEN MOVED TO OTH EU CNTRY IN PAST 5YRS: REFUSAL EMPL SERVICES EXP UNEMPL BENEFITS,True,False
qb9.5,PRACTICAL DIFFICULTIES WHEN MOVED TO OTH EU CNTRY IN PAST 5YRS: DIFFERENT UNEMPL BENEFITS QUALIFYING PERIODS,True,False
qb9.6,PRACTICAL DIFFICULTIES WHEN MOVED TO OTH EU CNTRY IN PAST 5YRS: COULD NOT REGISTER AS UNEMPLOYED IN CNTRY OF LAST JOB,True,False
qb9.7,PRACTICAL DIFFICULTIES WHEN MOVED TO OTH EU CNTRY IN PAST 5YRS: DIFFICULTIES CALCULATING PENSION,True,False
qb9.8,PRACTICAL DIFFICULTIES WHEN MOVED TO OTH EU CNTRY IN PAST 5YRS: DIFFICULTIES ASSESSING HEALTHCARE/OTHER BENEFITS,True,False
qb9.9,PRACTICAL DIFFICULTIES WHEN MOVED TO OTH EU CNTRY IN PAST 5YRS: OTHER (SPONT),True,False
qb9.10,PRACTICAL DIFFICULTIES WHEN MOVED IN PAST 5YRS: NONE/NO PRACTICAL DIFFICULTIES (SPONT),True,False
qb9.11,PRACTICAL DIFFICULTIES WHEN MOVED IN PAST 5YRS: DK (SPONT),True,False
qb10,WHAT SHLD EU DO TO ENSURE FAIR GREEN & DIGITAL TRANSITION,True,False
qb11,WILL THERE BE A MORE SOCIAL EUROPE IN 2030,True,False
qc1a,RISKS CNTRY MOST EXPOSED TO - FIRSTLY,True,False
qc1b.1,RISKS CNTRY MOST EXPOSED TO 2ND: MAJOR ACCIDENTS,True,False
qc1b.2,RISKS CNTRY MOST EXPOSED TO 2ND: NUCLEAR ACCIDENTS,True,False
qc1b.3,RISKS CNTRY MOST EXPOSED TO 2ND: CRIT INFRASTRUCTURE DISRUPTION,True,False
qc1b.4,RISKS CNTRY MOST EXPOSED TO 2ND: HUMAN HEALTH EMERGENCY,True,False
qc1b.5,RISKS CNTRY MOST EXPOSED TO 2ND: ANIMAL/PLANT DISEASE OUTBREAK,True,False
qc1b.6,RISKS CNTRY MOST EXPOSED TO 2ND: FLOODS,True,False
qc1b.7,RISKS CNTRY MOST EXPOSED TO 2ND: WILDFIRE/FOREST FIRES,True,False
qc1b.8,RISKS CNTRY MOST EXPOSED TO 2ND: GEOLOGICAL DISASTERS,True,False
qc1b.9,RISKS CNTRY MOST EXPOSED TO 2ND: EXTREME WEATHER EVENTS,True,False
qc1b.10,RISKS CNTRY MOST EXPOSED TO 2ND: TERRORIST ATTACKS,True,False
qc1b.11,RISKS CNTRY MOST EXPOSED TO 2ND: CYBERSECURITY THREATS,True,False
qc1b.12,RISKS CNTRY MOST EXPOSED TO 2ND: POLITICAL/GEO-POLITICAL TENSIONS,True,False
qc1b.13,RISKS CNTRY MOST EXPOSED TO 2ND: MASS POPULATION DISPLACEMENT IN EMERGENCIES,True,False
qc1b.14,RISKS CNTRY MOST EXPOSED TO 2ND: OTHER,True,False
qc1b.15,RISKS CNTRY MOST EXPOSED TO 2ND: DK (SPONT),True,False
qc1t.1,RISKS CNTRY MOST EXPOSED TO: MAJOR ACCIDENTS (SUM),True,False
qc1t.2,RISKS CNTRY MOST EXPOSED TO: NUCLEAR ACCIDENTS (SUM),True,False
qc1t.3,RISKS CNTRY MOST EXPOSED TO: CRIT INFRASTRUCTURE DISRUPTION (SUM),True,False
qc1t.4,RISKS CNTRY MOST EXPOSED TO: HUMAN HEALTH EMERGENCY (SUM),True,False
qc1t.5,RISKS CNTRY MOST EXPOSED TO: ANIMAL/PLANT DISEASE OUTBREAK (SUM),True,False
qc1t.6,RISKS CNTRY MOST EXPOSED TO: FLOODS (SUM),True,False
qc1t.7,RISKS CNTRY MOST EXPOSED TO: WILDFIRE/FOREST FIRES (SUM),True,False
qc1t.8,RISKS CNTRY MOST EXPOSED TO: GEOLOGICAL DISASTERS (SUM),True,False
qc1t.9,RISKS CNTRY MOST EXPOSED TO: EXTREME WEATHER EVENTS (SUM),True,False
qc1t.10,RISKS CNTRY MOST EXPOSED TO: TERRORIST ATTACKS (SUM),True,False
qc1t.11,RISKS CNTRY MOST EXPOSED TO: CYBERSECURITY THREATS (SUM),True,False
qc1t.12,RISKS CNTRY MOST EXPOSED TO: POLITICAL/GEO-POLITICAL TENSIONS (SUM),True,False
qc1t.13,RISKS CNTRY MOST EXPOSED TO: MASS POPULATION DISPLACEMENT IN EMERGENCIES (SUM),True,False
qc1t.14,RISKS CNTRY MOST EXPOSED TO: OTHER (SUM),True,False
qc1t.15,RISKS CNTRY MOST EXPOSED TO: DK (SPONT) (QC1A ONLY),True,False
qc1t,RISKS CNTRY MOST EXPOSED TO _ NUMBER OF MENTIONED RISKS,True,False
qc2a,RISKS PERS MOST EXPOSED TO - FIRSTLY,True,False
qc2b.1,RISKS PERS MOST EXPOSED TO 2ND: MAJOR ACCIDENTS,True,False
qc2b.2,RISKS PERS MOST EXPOSED TO 2ND: NUCLEAR ACCIDENTS,True,False
qc2b.3,RISKS PERS MOST EXPOSED TO 2ND: CRIT INFRASTRUCTURE DISRUPTION,True,False
qc2b.4,RISKS PERS MOST EXPOSED TO 2ND: HUMAN HEALTH EMERGENCY,True,False
qc2b.5,RISKS PERS MOST EXPOSED TO 2ND: ANIMAL/PLANT DISEASE OUTBREAK,True,False
qc2b.6,RISKS PERS MOST EXPOSED TO 2ND: FLOODS,True,False
qc2b.7,RISKS PERS MOST EXPOSED TO 2ND: WILDFIRE/FOREST FIRES,True,False
qc2b.8,RISKS PERS MOST EXPOSED TO 2ND: GEOLOGICAL DISASTERS,True,False
qc2b.9,RISKS PERS MOST EXPOSED TO 2ND: EXTREME WEATHER EVENTS,True,False
qc2b.10,RISKS PERS MOST EXPOSED TO 2ND: TERRORIST ATTACKS,True,False
qc2b.11,RISKS PERS MOST EXPOSED TO 2ND: CYBERSECURITY THREATS,True,False
qc2b.12,RISKS PERS MOST EXPOSED TO 2ND: POLITICAL/GEO-POLITICAL TENSIONS,True,False
qc2b.13,RISKS PERS MOST EXPOSED TO 2ND: MASS POPULATION DISPLACEMENT IN EMERGENCIES,True,False
qc2b.14,RISKS PERS MOST EXPOSED TO 2ND: OTHER,True,False
qc2b.15,RISKS PERS MOST EXPOSED TO 2ND: DK (SPONT),True,False
qc2t.1,RISKS PERS MOST EXPOSED TO: MAJOR ACCIDENTS (SUM),True,False
qc2t.2,RISKS PERS MOST EXPOSED TO: NUCLEAR ACCIDENTS (SUM),True,False
qc2t.3,RISKS PERS MOST EXPOSED TO: CRIT INFRASTRUCTURE DISRUPTION (SUM),True,False
qc2t.4,RISKS PERS MOST EXPOSED TO: HUMAN HEALTH EMERGENCY (SUM),True,False
qc2t.5,RISKS PERS MOST EXPOSED TO: ANIMAL/PLANT DISEASE OUTBREAK (SUM),True,False
qc2t.6,RISKS PERS MOST EXPOSED TO: FLOODS (SUM),True,False
qc2t.7,RISKS PERS MOST EXPOSED TO: WILDFIRE/FOREST FIRES (SUM),True,False
qc2t.8,RISKS PERS MOST EXPOSED TO: GEOLOGICAL DISASTERS (SUM),True,False
qc2t.9,RISKS PERS MOST EXPOSED TO: EXTREME WEATHER EVENTS (SUM),True,False
qc2t.10,RISKS PERS MOST EXPOSED TO: TERRORIST ATTACKS (SUM),True,False
qc2t.11,RISKS PERS MOST EXPOSED TO: CYBERSECURITY THREATS (SUM),True,False
qc2t.12,RISKS PERS MOST EXPOSED TO: POLITICAL/GEO-POLITICAL TENSIONS (SUM),True,False
qc2t.13,RISKS PERS MOST EXPOSED TO: MASS POPULATION DISPLACEMENT IN EMERGENCIES (SUM),True,False
qc2t.14,RISKS PERS MOST EXPOSED TO: OTHER (SUM),True,False
qc2t.15,RISKS PERS MOST EXPOSED TO: DK (SPONT) (QC2A ONLY),True,False
qc2t,RISKS PERS MOST EXPOSED TO - NUMBER OF MENTIONED RISKS,True,False
qc3.1,DISASTER PERS EXPERIENCED PAST 10YRS: MAJOR ACCIDENTS,True,False
qc3.2,DISASTER PERS EXPERIENCED PAST 10YRS: NUCLEAR ACCIDENTS,True,False
qc3.3,DISASTER PERS EXPERIENCED PAST 10YRS: CRIT INFRASTRUCTURE DISRUPTION,True,False
qc3.4,DISASTER PERS EXPERIENCED PAST 10YRS: HUMAN HEALTH EMERGENCY,True,False
qc3.5,DISASTER PERS EXPERIENCED PAST 10YRS: ANIMAL/PLANT DISEASE OUTBREAK,True,False
qc3.6,DISASTER PERS EXPERIENCED PAST 10YRS: FLOODS,True,False
qc3.7,DISASTER PERS EXPERIENCED PAST 10YRS: WILDFIRE/FOREST FIRES,True,False
qc3.8,DISASTER PERS EXPERIENCED PAST 10YRS: GEOLOGICAL DISASTERS,True,False
qc3.9,DISASTER PERS EXPERIENCED PAST 10YRS: EXTREME WEATHER EVENTS,True,False
qc3.10,DISASTER PERS EXPERIENCED PAST 10YRS: TERRORIST ATTACKS,True,False
qc3.11,DISASTER PERS EXPERIENCED PAST 10YRS: CYBERSECURITY THREATS,True,False
qc3.12,DISASTER PERS EXPERIENCED PAST 10YRS: POLITICAL/GEO-POLITICAL TENSIONS,True,False
qc3.13,DISASTER PERS EXPERIENCED PAST 10YRS: MASS POPULATION DISPLACEMENT IN EMERGENCIES,True,False
qc3.14,DISASTER PERS EXPERIENCED PAST 10YRS: OTHER,True,False
qc3.15,DISASTER PERS EXPERIENCED PAST 10YRS: NONE,True,False
qc3.16,DISASTER PERS EXPERIENCED PAST 10YRS: DK (SPONT),True,False
qc3t,DISASTER PERS EXPERIENCED PAST 10YRS - NUMBER OF DISASTERS,True,False
qc4a,POT INFO SOURCES TO LEARN ABOUT DISASTER RISKS - FIRSTLY,True,False
qc4b.1,POT INFO SOURCES TO LEARN ABOUT DISASTER RISKS 2ND: NATIONAL MEDIA,True,False
qc4b.2,POT INFO SOURCES TO LEARN ABOUT DISASTER RISKS 2ND: LOCAL/REGIONAL MEDIA,True,False
qc4b.3,POT INFO SOURCES TO LEARN ABOUT DISASTER RISKS 2ND: SOCIAL MEDIA NETWORKS,True,False
qc4b.4,POT INFO SOURCES TO LEARN ABOUT DISASTER RISKS 2ND: EMERGENCY MGMT SERVICES,True,False
qc4b.5,POT INFO SOURCES TO LEARN ABOUT DISASTER RISKS 2ND: LOCAL/NATIONAL AUTHORITIES/AGENCIES,True,False
qc4b.6,POT INFO SOURCES TO LEARN ABOUT DISASTER RISKS 2ND: FAMILY/FRIENDS,True,False
qc4b.7,POT INFO SOURCES TO LEARN ABOUT DISASTER RISKS 2ND: WORK/EMPLOYER/SCHOOL/EDU INSTITUTION,True,False
qc4b.8,POT INFO SOURCES TO LEARN ABOUT DISASTER RISKS 2ND: CIVIL SOC ORGS/NON-PROFIT ORGS,True,False
qc4b.9,POT INFO SOURCES TO LEARN ABOUT DISASTER RISKS 2ND: SCIENTISTS/ACADEMIC ORGS,True,False
qc4b.10,POT INFO SOURCES TO LEARN ABOUT DISASTER RISKS 2ND: OTHER (SPONT),True,False
qc4b.11,POT INFO SOURCES TO LEARN ABOUT DISASTER RISKS 2ND: NOT INTERESTED,True,False
qc4b.12,POT INFO SOURCES TO LEARN ABOUT DISASTER RISKS 2ND: DK (SPONT),True,False
qc4t.1,POT INFO SOURCES TO LEARN ABOUT DISASTER RISKS: NATIONAL MEDIA (SUM),True,False
qc4t.2,POT INFO SOURCES TO LEARN ABOUT DISASTER RISKS: LOCAL/REGIONAL MEDIA (SUM),True,False
qc4t.3,POT INFO SOURCES TO LEARN ABOUT DISASTER RISKS: SOCIAL MEDIA NETWORKS (SUM),True,False
qc4t.4,POT INFO SOURCES TO LEARN ABOUT DISASTER RISKS: EMERGENCY MGMT SERVICES (SUM),True,False
qc4t.5,POT INFO SOURCES TO LEARN ABOUT DISASTER RISKS: LOCAL/NATIONAL AUTHORITIES/AGENCIES (SUM),True,False
qc4t.6,POT INFO SOURCES TO LEARN ABOUT DISASTER RISKS: FAMILY/FRIENDS (SUM),True,False
qc4t.7,POT INFO SOURCES TO LEARN ABOUT DISASTER RISKS: WORK/EMPLOYER/SCHOOL/EDU INSTITUTION (SUM),True,False
qc4t.8,POT INFO SOURCES TO LEARN ABOUT DISASTER RISKS: CIVIL SOC ORGS/NON-PROFIT ORGS (SUM),True,False
qc4t.9,POT INFO SOURCES TO LEARN ABOUT DISASTER RISKS: SCIENTISTS/ACADEMIC ORGS (SUM),True,False
qc4t.10,POT INFO SOURCES TO LEARN ABOUT DISASTER RISKS: OTHER (SPONT) (SUM),True,False
qc4t.11,POT INFO SOURCES TO LEARN ABOUT DISASTER RISKS: NOT INTERESTED (QC4A ONLY),True,False
qc4t.12,POT INFO SOURCES TO LEARN ABOUT DISASTER RISKS: DK (SPONT) (QC4A ONLY),True,False
qc4_r,POT INFO SOURCES TO LEARN ABOUT DISASTER RISKS - INTERESTED IN AT LEAST ONE SOURCE,True,False
qc5_1,STATEMENTS DISASTER RISKS - READ/SEENHEARD INFO IN LAST 12M,True,True
qc5_2,STATEMENTS DISASTER RISKS - FEEL WELL INFORMED,True,True
qc5_3,STATEMENTS DISASTER RISKS - TRUST INFORMATION BY PUB AUTH ON RISKS WHERE YOU LIVE,True,True
qc5_4,STATEMENTS DISASTER RISKS - EASY TO FIND INFORMATION BY PUB AUTH ON RISKS WHERE YOU LIVE,True,True
qc5_5,STATEMENTS DISASTER RISKS - KNOW WHERE TO FIND INFO WHEN TRAVELLING TO OTH EU CNTRY,True,True
qc6.1,DISASTER MEASURES IN HH: EMERGENCY SUPPLY DRINKS/FOOD,True,True
qc6.2,DISASTER MEASURES IN HH: EMERGENCY SUPPLY WATER COOKING/HYGIENE,True,True
qc6.3,DISASTER MEASURES IN HH: FLASHLIGHT/CANDLES,True,True
qc6.4,DISASTER MEASURES IN HH: BATTERY-POWERED RADIO,True,True
qc6.5,DISASTER MEASURES IN HH: EMERGENCY PHARMACY,True,True
qc6.6,DISASTER MEASURES IN HH: COPIES IMP DOCUMENTS/STORED SAFELY,True,True
qc6.7,DISASTER MEASURES IN HH: EMERGENCY GRAB-BAG,True,True
qc6.8,DISASTER MEASURES IN HH: SIGNED UP FOR ALERTS,True,True
qc6.9,DISASTER MEASURES IN HH: PARTICIPATED IN TRAINING/EXERCISE,True,True
qc6.10,DISASTER MEASURES IN HH: INFORMED ABOUT OFFICIAL RESPONSE PLAN,True,True
qc6.11,DISASTER MEASURES IN HH: AGREED WITH FRIENDS/FAMILY TO CONTACT,True,True
qc6.12,DISASTER MEASURES IN HH: DISCUSSED COMMON PROT MEASURES IN NEIGHBOURHOOD,True,True
qc6.13,DISASTER MEASURES IN HH: INVESTED IN PROT MEASURES IN HOME,True,True
qc6.14,DISASTER MEASURES IN HH: OTHER,True,True
qc6.15,DISASTER MEASURES IN HH: DK (SPONT),True,True
qc6t,DISASTER MEASURES IN HH - NUMBER OF MEASURES,True,True
qc7_1,HOW MANY DAYS MEET WATER NEEDS IF WATER SERVICES DISRUPTED,True,True
qc7_2,HOW MANY DAYS POWER ESSENT APPLIANCES IF ELEC INTERRUPTED,True,True
qc7_3,HOW MANY DAYS COOK MEALS/HEAT IF GAS DISRUPTED,True,True
qc7_4,HOW MANY DAYS PROVIDE FOOD IF TRANSPORTATION DISRUPTED,True,True
qc7_5,HOW MANY DAYS CONTINUED TREATMENT IF MEDICATION SUPPLY DISRUPTED,True,True
qc8_1,PERSONAL DISASTER PREPAREDNESS - BETTER ABLE TO COPE BY PREP,True,True
qc8_2,PERSONAL DISASTER PREPAREDNESS - FEEL WELL PREPARED,True,True
qc8_3,PERSONAL DISASTER PREPAREDNESS - NO TIME/FIN RESOURCES TO PREP,True,True
qc8_4,PERSONAL DISASTER PREPAREDNESS - EASY TO FIND INFO ON HOW TO PREP,True,True
qc8_5,PERSONAL DISASTER PREPAREDNESS - NEED MORE INFO TO PREP,True,True
qc8_6,PERSONAL DISASTER PREPAREDNESS - KNOW HOW EMERG SERVICES WILL ALERT,True,True
qc8_7,PERSONAL DISASTER PREPAREDNESS - KNOW WHAT TO DO IN EVENT OF DISASTER,True,True
qc8_8,PERSONAL DISASTER PREPAREDNESS - EMPLOYER/SCHOOL ENCOURAGES TRAINING/PREP,True,True
qc8_9,PERSONAL DISASTER PREPAREDNESS - EMERG SERVICES ENCOURAGE TRAINING/PREP,True,True
qc9_1,RELYING ON IN FIRST DAYS OF DISASTER - FAMILY/FRIENDS,True,False
qc9_2,RELYING ON IN FIRST DAYS OF DISASTER - PEOPLE IN NEIGHBOURHOOD,True,False
qc9_3,RELYING ON IN FIRST DAYS OF DISASTER - ASSOCS/NON-PROFIT ORGS,True,False
qc9_4,RELYING ON IN FIRST DAYS OF DISASTER - EMERG SERVICES,True,False
qc9_5,RELYING ON IN FIRST DAYS OF DISASTER - LOCAL AUTH/GVMT SERVICES,True,False
qc9_6,RELYING ON IN FIRST DAYS OF DISASTER - WORK/EMPLOYER/SCHOOL/EDU INSTITUTION,True,False
qc9_7,RELYING ON IN FIRST DAYS OF DISASTER - PRIVATE SECTOR ENTITIES,True,False
qc10,TRUST IN EMERG SERVICES TO HANDLE DISASTERS/EMERG SITUATIONS PROPERLY,True,False
qc11,ENGAGING IN VOLUNTARY WORK FOR EMERG RESPONDER ORGS,True,False
qd1_1,PUBLIC SERVICE BRIBERY ACCEPTANCE: MONEY,True,False
qd1_2,PUBLIC SERVICE BRIBERY ACCEPTANCE: GIFT,True,False
qd1_3,PUBLIC SERVICE BRIBERY ACCEPTANCE: FAVOUR,True,False
qd1t,TOLERANCE INDEX TO CORRUPTION,True,False
qd2,CORRUPTION - EXTENT IN COUNTRY,True,False
qd3,CORRUPTION - LEVEL IN PAST THREE YEARS,True,False
qd4.1,CORRUPTION IN COUNTRY: POLICE/CUSTOMS,True,False
qd4.2,CORRUPTION IN COUNTRY: TAX AUTHORITIES,True,False
qd4.3,CORRUPTION IN COUNTRY: COURTS/TRIBUNALS,True,False
qd4.4,CORRUPTION IN COUNTRY: SOCIAL SECURITY,True,False
qd4.5,CORRUPTION IN COUNTRY: PUBLIC PROSECUTION,True,False
qd4.6,CORRUPTION IN COUNTRY: POLITICIANS,True,False
qd4.7,CORRUPTION IN COUNTRY: POLITICAL PARTIES,True,False
qd4.8,CORRUPTION IN COUNTRY: PUBLIC TENDERS,True,False
qd4.9,CORRUPTION IN COUNTRY: BUILDING PERMITS,True,False
qd4.10,CORRUPTION IN COUNTRY: BUSINESS PERMITS,True,False
qd4.11,CORRUPTION IN COUNTRY: HEALTHCARE SYSTEM,True,False
qd4.12,CORRUPTION IN COUNTRY: EDUCATION SECTOR,True,False
qd4.13,CORRUPTION IN COUNTRY: INSPECTORS,True,False
qd4.14,CORRUPTION IN COUNTRY: PRIVATE COMPANIES,True,False
qd4.15,CORRUPTION IN COUNTRY: FINANCIAL INST,True,False
qd4.16,CORRUPTION IN COUNTRY: NONE (SPONT),True,False
qd4.17,CORRUPTION IN COUNTRY: DK (SPONT),True,False
qd5,PERSONALLY KNOW SOMEONE TAKING BRIBES,True,False
qd6a.1,CONTACT LST12M: POLICE/CUSTOMS,True,False
qd6a.2,CONTACT LST12M: TAX AUTHORITIES,True,False
qd6a.3,CONTACT LST12M: COURTS/TRIBUNALS,True,False
qd6a.4,CONTACT LST12M: SOCIAL SECURITY,True,False
qd6a.5,CONTACT LST12M: PUBLIC PROSECUTION,True,False
qd6a.6,CONTACT LST12M: POLITICIANS,True,False
qd6a.7,CONTACT LST12M: POLITICAL PARTIES,True,False
qd6a.8,CONTACT LST12M: PUBLIC TENDERS,True,False
qd6a.9,CONTACT LST12M: BUILDING PERMITS,True,False
qd6a.10,CONTACT LST12M: BUSINESS PERMITS,True,False
qd6a.11,CONTACT LST12M: HEALTHCARE SYSTEM,True,False
qd6a.12,CONTACT LST12M: EDUCATION SECTOR,True,False
qd6a.13,CONTACT LST12M: INSPECTORS,True,False
qd6a.14,CONTACT LST12M: PRIVATE COMPANIES,True,False
qd6a.15,CONTACT LST12M: FINANCIAL INST,True,False
qd6a.16,CONTACT LST12M: NONE (SPONT),True,False
qd6a.17,CONTACT LST12M: REFUSAL (SPONT),True,False
qd6a.18,CONTACT LST12M: DK (SPONT),True,False
qd6b.1,BRIBE EXPERIENCE LST12M: POLICE/CUSTOMS,True,False
qd6b.2,BRIBE EXPERIENCE LST12M: TAX AUTHORITIES,True,False
qd6b.3,BRIBE EXPERIENCE LST12M: COURTS/TRIBUNALS,True,False
qd6b.4,BRIBE EXPERIENCE LST12M: SOCIAL SECURITY,True,False
qd6b.5,BRIBE EXPERIENCE LST12M: PUBLIC PROSECUTION,True,False
qd6b.6,BRIBE EXPERIENCE LST12M: POLITICIANS,True,False
qd6b.7,BRIBE EXPERIENCE LST12M: POLITICAL PARTIES,True,False
qd6b.8,BRIBE EXPERIENCE LST12M: PUBLIC TENDERS,True,False
qd6b.9,BRIBE EXPERIENCE LST12M: BUILDING PERMITS,True,False
qd6b.10,BRIBE EXPERIENCE LST12M: BUSINESS PERMITS,True,False
qd6b.11,BRIBE EXPERIENCE LST12M: HEALTHCARE SYSTEM,True,False
qd6b.12,BRIBE EXPERIENCE LST12M: EDUCATION SECTOR,True,False
qd6b.13,BRIBE EXPERIENCE LST12M: INSPECTORS,True,False
qd6b.14,BRIBE EXPERIENCE LST12M: PRIVATE COMPANIES,True,False
qd6b.15,BRIBE EXPERIENCE LST12M: FINANCIAL INST,True,False
qd6b.16,BRIBE EXPERIENCE LST12M: NONE (SPONT),True,False
qd6b.17,BRIBE EXPERIENCE LST12M: REFUSAL (SPONT),True,False
qd6b.18,BRIBE EXPERIENCE LST12M: DK (SPONT),True,False
qd6b_t,BRIBE EXPERIENCE LST12M - YES (SUM),True,False
qd6c.1,BRIBE AMOUNT IN EURO: POLICE/CUSTOMS,True,False
qd6c.2,BRIBE AMOUNT IN EURO: TAX AUTHORITIES,True,False
qd6c.3,BRIBE AMOUNT IN EURO: COURTS/TRIBUNALS,True,False
qd6c.4,BRIBE AMOUNT IN EURO: SOCIAL SECURITY,True,False
qd6c.5,BRIBE AMOUNT IN EURO: PUBLIC PROSECUTION,True,False
qd6c.6,BRIBE AMOUNT IN EURO: POLITICIANS,True,False
qd6c.7,BRIBE AMOUNT IN EURO: POLITICAL PARTIES,True,False
qd6c.8,BRIBE AMOUNT IN EURO: PUBLIC TENDERS,True,False
qd6c.9,BRIBE AMOUNT IN EURO: BUILDING PERMITS,True,False
qd6c.10,BRIBE AMOUNT IN EURO: BUSINESS PERMITS,True,False
qd6c.11,BRIBE AMOUNT IN EURO: HEALTHCARE SYSTEM,True,False
qd6c.12,BRIBE AMOUNT IN EURO: EDUCATION SECTOR,True,False
qd6c.13,BRIBE AMOUNT IN EURO: INSPECTORS,True,False
qd6c.14,BRIBE AMOUNT IN EURO: PRIVATE COMPANIES,True,False
qd6c.15,BRIBE AMOUNT IN EURO: FINANCIAL INST,True,False
qd7,CORRUPTION - KNOW WHERE TO REPORT TO,True,False
qd8.1,CORRUPTION COMPLAIN TO: POLICE,True,False
qd8.2,CORRUPTION COMPLAIN TO: JUSTICE,True,False
qd8.3,CORRUPTION COMPLAIN TO: NGO OR OTHER ASSOC,True,False
qd8.4,CORRUPTION COMPLAIN TO: MEDIA/NEWSP/JOURNALISTS,True,False
qd8.5,CORRUPTION COMPLAIN TO: NATIONAL OMBUDSMAN,True,False
qd8.6,CORRUPTION COMPLAIN TO: POLIT REPRESENTATIVE,True,False
qd8.7,CORRUPTION COMPLAIN TO: ANTI-CORRUPTION AGENCY,True,False
qd8.8,CORRUPTION COMPLAIN TO: TRADE UNIONS,True,False
qd8.9,CORRUPTION COMPLAIN TO: EU INSTITUTIONS,True,False
qd8.10,CORRUPTION COMPLAIN TO: OTHER (SPONT),True,False
qd8.11,CORRUPTION COMPLAIN TO: NONE (SPONT),True,False
qd8.12,CORRUPTION COMPLAIN TO: DK (SPONT),True,False
qd9.1,CORRUPTION EXPERIENCE LST12M: EXPERIENCED,True,False
qd9.2,CORRUPTION EXPERIENCE LST12M: WITNESSED,True,False
qd9.3,CORRUPTION EXPERIENCE LST12M: NO,True,False
qd9.4,CORRUPTION EXPERIENCE LST12M: REFUSAL (SPONT),True,False
qd9.5,CORRUPTION EXPERIENCE LST12M: DK (SPONT),True,False
qd9t,CORRUPTION EXPERIENCE LST12M - TOTAL YES (SUM),True,False
qd10,CORRUPTION EXPERIENCE LST12M - REPORTED,True,False
qd11.1,CORRUPTION NON-REPORTING: NOT KNOW WHERE,True,False
qd11.2,CORRUPTION NON-REPORTING: DIFFICULT TO PROVE,True,False
qd11.3,CORRUPTION NON-REPORTING: NO PUNISHMENT,True,False
qd11.4,CORRUPTION NON-REPORTING: GETTING IN TROUBLE,True,False
qd11.5,CORRUPTION NON-REPORTING: NO ONE DOES,True,False
qd11.6,CORRUPTION NON-REPORTING: NOT WORTH THE EFFORT,True,False
qd11.7,CORRUPTION NON-REPORTING: NO PROTECTION,True,False
qd11.8,CORRUPTION NON-REPORTING: NOT BETRAY ANYONE,True,False
qd11.9,CORRUPTION NON-REPORTING: OTHER (SPONT),True,False
qd11.10,CORRUPTION NON-REPORTING: NONE (SPONT),True,False
qd11.11,CORRUPTION NON-REPORTING: DK (SPONT),True,False
qd12_1,CORRUPTION: IN LOCAL/REG PUBLIC INSTITUTIONS,True,False
qd12_2,CORRUPTION: IN NATIONAL PUBLIC INSTITUTIONS,True,False
qd12_3,CORRUPTION: PART OF BUSINESS CULTURE,True,False
qd12_4,CORRUPTION: PERS AFFECTED IN DAILY LIFE,True,False
qd12_5,CORRUPTION: ENOUGH SUCCESSFUL PROSECUTIONS,True,False
qd12_6,CORRUPTION: HIGH-LEVEL CASES NOT PURSUED,True,False
qd12_7,CORRUPTION: GOVERNMENT EFFORTS ARE EFFECTIVE,True,False
qd12_8,CORRUPTION: BUSINESS AND POLITICS TOO CLOSE,True,False
qd12_9,CORRUPTION: BRIBERY OFTEN THE EASIEST WAY,True,False
qd12_10,CORRUPTION: POLIT PARTY FINANCING SUPERVISION,True,False
qd12_11,CORRUPTION: POLIT CONNECTIONS FOR BUSINESS,True,False
qd12_12,CORRUPTION: HINDERING BUSINESS COMPETITION,True,False
qd12_13,CORRUPTION: MEASURES ARE APPLIED IMPARTIALLY,True,False
d8,AGE EDUCATION,True,False
d8r1,AGE EDUCATION (RECODED 11 CAT),True,False
d8r2,AGE EDUCATION (RECODED 5 CAT),True,False
d9a.1,EDUCATION LEVEL: PRE-PRIMARY EDUCATION (INCL NO EDUCATION),True,False
d9a.2,EDUCATION LEVEL: PRIMARY EDUCATION,True,False
d9a.3,EDUCATION LEVEL: LOWER SECONDARY EDUCATION,True,False
d9a.4,EDUCATION LEVEL: UPPER SECONDARY EDUCATION,True,False
d9a.5,EDUCATION LEVEL: POST-SECONDARY NON TERTIARY (INCL PRE-VOCATIONAL/VOCATIONAL),True,False
d9a.6,EDUCATION LEVEL: SHORT-CYCLE TERTIARY,True,False
d9a.7,EDUCATION LEVEL: BACHELOR OR EQUIVALENT,True,False
d9a.8,EDUCATION LEVEL: MASTER OR EQUIVALENT,True,False
d9a.9,EDUCATION LEVEL: DOCTORAL OR EQUIVALENT,True,False
d9a.10,EDUCATION LEVEL: EDUCATION UP TO ISCED 4 COMPLETED ABROAD (SPONTANEOUS),True,False
d9a.11,EDUCATION LEVEL: EDUCATION ISCED 5 AND ABOVE COMPLETED ABROAD (SPONTANEOUS),True,False
d9a.12,EDUCATION LEVEL: REFUSAL (SPONTANEOUS),True,False
d9a.13,EDUCATION LEVEL: DON'T KNOW (SPONTANEOUS),True,False
d10,GENDER,True,True
d15a,OCCUPATION OF RESPONDENT,True,False
d15a_r1,OCCUPATION OF RESPONDENT (RECODED),True,False
d15a_r2,RESPONDENT OCCUPATION SCALE (C14),True,False
d15b,OCCUPATION OF RESPONDENT - LAST JOB,True,False
d15b_r,OCCUPATION OF RESPONDENT - LAST JOB (RECODED),True,False
d25,TYPE OF COMMUNITY,True,True
d60,DIFFICULTIES PAYING BILLS - LAST YEAR,True,True
d62_1,INTERNET USE FREQ: AT HOME,True,False
d62_2,INTERNET USE FREQ: AT PLACE OF WORK,True,False
d62_3,INTERNET USE FREQ: ON MOBILE DEVICE,True,False
d62_4,INTERNET USE FREQ: SOMEWHERE ELSE,True,False
d62t,INTERNET USE (TOTAL),True,False
netuse,INTERNET USE (INDEX),True,False
d63,SOCIAL CLASS - SELF-ASSESSMENT (5 CAT),True,True
d1,LEFT-RIGHT PLACEMENT,True,False
d1r1,LEFT-RIGHT PLACEMENT - RECODED 3 CAT,True,False
d1r2,LEFT-RIGHT PLACEMENT - RECODED 5 CAT,True,False
d71_1,POLITICAL DISCUSSION - NATIONAL MATTERS,True,False
d71_2,POLITICAL DISCUSSION - EUROPEAN MATTERS,True,False
d71_3,POLITICAL DISCUSSION - LOCAL MATTERS,True,False
polintr_1,POLITICAL INTEREST INDEX (D71 SUMMARIZED) - STRONG,True,False
polintr_2,POLITICAL INTEREST INDEX (D71 SUMMARIZED) - MEDIUM,True,False
polintr_3,POLITICAL INTEREST INDEX (D71 SUMMARIZED) - LOW,True,False
polintr_4,POLITICAL INTEREST INDEX (D71 SUMMARIZED) - NOT AT ALL,True,False
d73_1,DIRECTION THINGS ARE GOING - IN (OUR COUNTRY),True,False
d73_2,DIRECTION THINGS ARE GOING - IN THE EU,True,False
d73_4,DIRECTION THINGS ARE GOING - LIFE PERSONALLY,True,False
sd18a,DEMOCRACY SATISFACTION - COUNTRY,True,False
sd18b,DEMOCRACY SATISFACTION - EUROPEAN UNION,True,False
d72_1,MY VOICE COUNTS - IN THE EU,True,False
d72_2,MY VOICE COUNTS - IN (OUR COUNTRY),True,False
d72_3,COUNTRY VOICE COUNTS IN THE EU,True,False
sd23,RESPONDENT: LIMITED BY PHYSICAL/MENTAL HEALTH PROBL,True,False
capi_cawi,CAPI CAWI,True,False
p1,DATE OF INTERVIEW,True,False
p2,TIME OF INTERVIEW,True,False
p3,DURATION OF INTERVIEW (SECONDS),False,False
p4,N OF PERSONS PRESENT DURING INTERVIEW,True,False
p5,RESPONDENT COOPERATION,True,False
p6,SIZE OF COMMUNITY,True,False
p13,LANGUAGE OF INTERVIEW (ALL LANGUAGES),True,False
region_austria,REGION AUSTRIA,True,False
region_belgium,REGION BELGIUM,True,False
region_bulgaria,REGION BULGARIA,True,False
region_croatia,REGION CROATIA,True,False
region_cyprus,REGION CYPRUS,True,False
region_czechia,REGION CZECHIA,True,False
region_denmark,REGION DENMARK,True,False
region_germany,REGION GERMANY,True,False
region_estonia,REGION ESTONIA,True,False
region_finland,REGION FINLAND,True,False
region_france,REGION FRANCE,True,False
region_greece,REGION GREECE,True,False
region_hungary,REGION HUNGARY,True,False
region_ireland,REGION IRELAND,True,False
region_italy,REGION ITALY,True,False
region_latvia,REGION LATVIA,True,False
region_lithuania,REGION LITHUANIA,True,False
region_luxembourg,REGION LUXEMBOURG,True,False
region_malta,REGION MALTA,True,False
region_netherlands,REGION NETHERLANDS,True,False
region_poland,REGION POLAND,True,False
region_portugal,REGION PORTUGAL,True,False
region_romania,REGION ROMANIA,True,False
region_slovenia,REGION SLOVENIA,True,False
region_slovakia,REGION SLOVAKIA,True,False
region_spain,REGION SPAIN,True,False
region_sweden,REGION SWEDEN,True,False
w1,WEIGHT RESULT FROM TARGET (REDRESSMENT),False,True
w1de,WEIGHT RESULT FROM TARGET (REDRESSMENT) - GERMANY,False,False
w5,WEIGHT EU6,False,False
w6,WEIGHT EU9,False,False
w7,WEIGHT EU10,False,False
w9,WEIGHT EU12+ (INCLUDING DE-E),False,False
w10,WEIGHT EU NMS 3,False,False
w11,WEIGHT EU15,False,False
w85,WEIGHT EURO ZONE 20 (EU27B),False,False
w86,WEIGHT NON-EURO ZONE 20 (EU27B),False,False
w13,WEIGHT EU NMS 10,False,False
w94,WEIGHT EU NMS 13,False,False
w14,WEIGHT EU25,False,False
w22,WEIGHT EU27,False,True
w92,WEIGHT TOTAL (ALL SAMPLES),False,True
